short,full,common,added,cut,ending,is_vocal,pos,len_s,len_f,len_ratio
abdo,abdominal,abdo,,minal,o,True,adj,4,9,2.25
abdos,abdominaux,abdo,s,minaux,s,True,adj,5,10,2.0
abs,absinthe,abs,,inthe,s,False,,3,8,2.66
aca,académie,aca,,demie,a,True,nom,3,8,2.66
accro,accroché,accro,,ché,o,True,adj,5,8,1.6
accu,accumulateur,accu,,mulateur,u,True,nom,4,12,3.0
accu,accumulteur,accu,,multeur,u,True,,4,11,2.75
accus,accumulateur,accu,s,mulateur,s,True,nom,5,12,2.4
accéléro,accélérateur,acceler,o,ateur,o,False,,8,12,1.5
achar,acharnement,achar,,nement,r,False,,5,11,2.2
actu,actualité,actu,,alité,u,True,nom,4,9,2.25
actus,actualités,actu,s,alites,s,True,nom,5,10,2.0
admin,administrateur,admin,,istrateur,n,False,,5,14,2.8
admin,administration,admin,,istration,n,False,,5,14,2.8
admin,administrator,admin,,istrator,n,False,,5,13,2.6
admini,administration,admini,,stration,i,True,,6,14,2.33
admiss,admission,admiss,,ion,s,False,,6,9,1.5
ado,adolescent,ado,,lescent,o,True,nom,3,10,3.33
aff,affaire,af,,aire,f,False,,3,7,2.33
afro,africain,afr,o,icain,o,False,,4,8,2.0
afro,afro-american,afro,,american,o,True,,4,13,3.25
ag,agitato,ag,,itato,g,False,adv,2,7,3.5
age,agenore,age,,nore,e,True,nom propre,3,7,2.33
agglo,aggloméré,agglo,,meré,o,True,adj,5,9,1.8
agreg,agrégation,agreg,,ation,g,False,,5,10,2.0
agrég,agrégation,agreg,,ation,g,False,nom,5,10,2.0
agrég',agrégation,agreg,e,ation,',False,,6,10,1.66
ahur,ahurissant,ahur,,issant,r,False,,4,10,2.5
ailurope,ailuropode,ailurop,e,ode,e,False,nom,8,10,1.25
al,alain,al,,ain,l,False,nom propre,2,5,2.5
alco,alcoolique,alco,,olique,o,True,,4,10,2.5
alcoolo,alcoolique,alcool,o,ique,o,False,adj,7,10,1.42
alex,alexandre,alex,,andre,x,False,nom propre,4,9,2.25
alim,alimentation,alim,,entation,m,False,nom,4,12,3.0
alka,alka-seltzer,alka,,seltzer,a,True,,4,12,3.0
allo,allegro,all,o,egro,o,False,adv,4,7,1.75
allo,allégro,all,o,egro,o,False,adv,4,7,1.75
alloc,allocation,alloc,,ation,c,False,nom,5,10,2.0
allèle,allélomorphe,allel,e,omorfe,e,False,nom,6,12,2.0
alsaco,alsacien,alsac,o,ien,o,False,,6,8,1.33
alu,aluminium,alu,,minium,u,True,nom,3,9,3.0
ambul,ambulance,ambul,,ance,l,False,,5,9,1.8
amerlo,amerloque,amerlo,,que,o,True,,6,9,1.5
amphi,amphithéâtre,amfi,,theatre,i,True,nom,5,12,2.4
amphète,amphétamine,amfet,e,amine,e,False,nom,7,11,1.57
amphé,amphétamine,amf,é,etamine,é,False,nom,5,11,2.2
amphé,amphétamines,amf,é,etamines,é,False,,5,12,2.4
amphét',amphétamine,amfet,e,amine,',False,nom,7,11,1.57
ampli,amplificateur,ampli,,ficateur,i,True,nom,5,13,2.6
ana,analyse,ana,,lyse,a,True,,3,7,2.33
anar,anarchiste,anar,,chiste,r,False,nom,4,10,2.5
anarcho,anarchiste,anarch,o,iste,o,False,,7,10,1.42
anat,anatomie,anat,,omie,t,False,,4,8,2.0
anatife,anatifère,anatife,,re,e,True,nom,7,9,1.28
anc,ancien,anc,,ien,c,False,,3,6,2.0
ance,ancien,anc,e,ien,e,False,,4,6,1.5
anciennt,anciennement,ancienn,t,ement,t,False,adv,8,12,1.5
anglo,anglophone,anglo,,fone,o,True,nom,5,10,2.0
ano,anorexique,ano,,rexique,o,True,,3,10,3.33
anti-antifa,anti-antifascisme,antiantifa,,scisme,a,True,,11,17,1.54
anti-g,antigravitationnel,antig,,ravitationnel,g,False,adj,6,18,3.0
antifa,antifasciste,antifa,,sciste,a,True,nom,6,12,2.0
antilog,antilogarithme,antilog,,arithme,g,False,nom,7,14,2.0
antipolio,antipoliomyélitique,antipolio,,myelitique,o,True,adj,9,19,2.11
app,application,app,,lication,p,False,,3,11,3.66
appart,appartement,appart,,ement,t,False,nom,6,11,1.83
appart',appartement,apparte,,ment,',True,,7,11,1.57
appli,application,appli,,cation,i,True,nom,5,11,2.2
après-me,après-midi,apresm,e,idi,e,False,,8,10,1.25
apé,apéro,ap,é,ero,é,False,,3,5,1.66
apéro,apéritif,aper,o,itif,o,False,nom,5,8,1.6
arbi,arbicot,arbi,,cot,i,True,,4,7,1.75
archi,architecture,archi,,tecture,i,True,nom,5,12,2.4
archéo,archéologie,archeo,,logie,o,True,nom,6,11,1.83
argu,argumentaire,argu,,mentaire,u,True,,4,12,3.0
aristo,aristocrate,aristo,,crate,o,True,nom,6,11,1.83
arrondisse,arrondissement,arrondisse,,ment,e,True,,10,14,1.4
arti,artilleur,arti,,lleur,i,True,,4,9,2.25
artiche,artichaut,artich,e,aut,e,False,nom,7,9,1.28
aspi,aspirant,aspi,,rant,i,True,nom,4,8,2.0
aspi,aspirateur,aspi,,rateur,i,True,,4,10,2.5
asso,association,asso,,ciation,o,True,nom,4,11,2.75
assoce,association,assoc,e,iation,e,False,nom,6,11,1.83
aster,astérisque,aster,,isque,r,False,nom,5,10,2.0
astro,astrologie,astro,,logie,o,True,nom,5,10,2.0
astro,astronomie,astro,,nomie,o,True,,5,10,2.0
athéro,athéromatose,athero,,matose,o,True,,6,12,2.0
audi,auditorium,audi,,torium,i,True,,4,10,2.5
auto,automobil,auto,,mobil,o,True,,4,9,2.25
auto,automobile,auto,,mobile,o,True,nom,4,10,2.5
auto,automòbil,auto,,mòbil,o,True,,4,9,2.25
auto,automóvel,auto,,móvel,o,True,,4,9,2.25
auto,automóvil,auto,,móvil,o,True,,4,9,2.25
autocom,autocommutateur,autocom,,mutateur,m,False,nom,7,15,2.14
autor,autorité,autor,,ité,r,False,nom,5,8,1.6
auxi,auxiliaire,auxi,,liaire,i,True,,4,10,2.5
avaro,avarie,avar,o,ie,o,False,nom,5,6,1.2
averto,avertissement,avert,o,issement,o,False,nom,6,13,2.16
aéro,aérodynamique'',aero,,dynamique'e,o,True,,4,15,3.75
aéro,aéroplane,aero,,plane,o,True,nom,4,9,2.25
baby,babyfoot,baby,,foot,y,True,,4,8,2.0
bac,baccalauréat,bac,,calaureat,c,False,nom,3,12,4.0
bac,baccarat,bac,,carat,c,False,,3,8,2.66
baccar,baccarat,baccar,,at,r,False,,6,8,1.33
bactério,bactériologie,bacterio,,logie,o,True,nom,8,13,1.62
bal,ballon,bal,,lon,l,False,,3,6,2.0
balnéo,balnéothérapie,balneo,,therapie,o,True,nom,6,14,2.33
bando,bandonéon,bando,,neon,o,True,,5,9,1.8
barbec',barbecue,barbec,e,ue,',False,nom,7,8,1.14
barbi,barbituriques,barbi,,turiques,i,True,,5,13,2.6
barbill,barbillon,barbill,,on,l,False,,7,9,1.28
barbo,barbouillage,barbo,,uillage,o,True,nom,5,12,2.4
barje,barjot,barj,e,ot,e,False,,5,6,1.2
basket,basket-ball,basket,,ball,t,False,nom,6,11,1.83
baz,bazar,baz,,ar,z,False,nom,3,5,1.66
beach,beach-volley,beach,,volley,h,False,nom,5,12,2.4
beauf,beau-frère,beauf,,rere,f,False,nom,5,10,2.0
beaujo,beaujolais,beaujo,,lais,o,True,nom,6,10,1.66
beaujol,beaujolais,beaujol,,ais,l,False,,7,10,1.42
ber,berri,ber,,ri,r,False,,3,5,1.66
bi,bisexuel,bi,,sexuel,i,True,adj,2,8,4.0
bibli,bibliothèque,bibli,,otheque,i,True,,5,12,2.4
biblio,bibliographie,biblio,,grafie,o,True,nom,6,13,2.16
biblio,bibliothèque,biblio,,theque,o,True,,6,12,2.0
bic,bicot,bic,,ot,c,False,,3,5,1.66
biclo,biclot,biclo,,t,o,True,nom,5,6,1.2
biclo,biclou,biclo,,u,o,True,nom,5,6,1.2
bide,bidon,bid,e,on,e,False,nom,4,5,1.25
bif,bifteck,bif,,teck,f,False,nom,3,7,2.33
biffe,biffin,bif,e,in,e,False,,5,6,1.2
bifur,bifurcation,bifur,,cation,r,False,nom,5,11,2.2
bign',bignouf,bign,e,ouf,',False,nom,5,7,1.4
bigne,bignouf,bign,e,ouf,e,False,nom,5,7,1.4
bigo,bigophone,bigo,,fone,o,True,nom,4,9,2.25
bigor,bigorneau,bigor,,neau,r,False,nom,5,9,1.8
bino,binoculaire,bino,,culaire,o,True,adj,4,11,2.75
bio,biographie,bio,,grafie,o,True,nom,3,10,3.33
bio,biologie,bio,,logie,o,True,nom,3,8,2.66
bio,biologique,bio,,logique,o,True,adj,3,10,3.33
bistre,bistrot,bistr,e,ot,e,False,,6,7,1.16
bistro,bistrouille,bistro,,uille,o,True,,6,11,1.83
blair,blaireau,blair,,eau,r,False,nom,5,8,1.6
blenno,blennoragie,blenno,,ragie,o,True,,6,11,1.83
blenno,blennorragie,blenno,,rragie,o,True,nom,6,12,2.0
bob,bobinette,bob,,inette,b,False,nom,3,9,3.0
bob,bobsleigh,bob,,sleigh,b,False,nom,3,9,3.0
bolcho,bolchevik,bolch,o,evik,o,False,nom,6,9,1.5
bombe,bombance,bomb,e,ance,e,False,nom,5,8,1.6
book,bookmaker,book,,maker,k,False,nom,4,9,2.25
bota,botanique,bota,,nique,a,True,,4,9,2.25
boude,boudin,boud,e,in,e,False,nom,5,6,1.2
bouille,bouillotte,bouill,e,otte,e,False,,7,10,1.42
bourge,bourgeois,bourge,,ois,e,True,nom,6,9,1.5
bourre,bourrique,bourr,e,ique,e,False,,6,9,1.5
boustiffe,boustifaille,boustif,e,aille,e,False,nom,9,12,1.33
braco,braconnier,braco,,nnier,o,True,nom,5,10,2.0
branco,brancardier,branc,o,ardier,o,False,,6,11,1.83
bricolo,bricoleur,bricol,o,eur,o,False,nom,7,9,1.28
broc,brocanteur,broc,,anteur,c,False,,4,10,2.5
broche,brochure,broch,e,ure,e,False,,6,8,1.33
broco,brocanteur,broc,o,anteur,o,False,nom,5,10,2.0
broncho,bronchite,bronch,o,ite,o,False,,7,9,1.28
bugle,bugle-horn,bugle,,horn,e,True,nom,5,10,2.0
bul,bulgare,bul,,gare,l,False,,3,7,2.33
bulg,bulgare,bulg,,are,g,False,,4,7,1.75
bull,bulldozer,bull,,dozer,l,False,nom,4,9,2.25
bull,bullshit,bull,,shit,l,False,,4,8,2.0
béa,béatrice,bea,,trice,a,True,,3,8,2.66
bélino,bélinogramme,belino,,gramme,o,True,nom,6,12,2.0
bélino,bélinographe,belino,,grafe,o,True,nom,6,12,2.0
bénef,bénéfice,benef,,ice,f,False,nom,5,8,1.6
béru,bérurier,beru,,rier,u,True,,4,8,2.0
cab,cabot,cab,,ot,b,False,nom,3,5,1.66
cab,cabriolet,cab,,riolet,b,False,nom,3,9,3.0
cabot,cabotin,cabot,,in,t,False,nom,5,7,1.4
cabrio,cabriolet,cabrio,,let,o,True,,6,9,1.5
cad',cadillac,cad,e,illac,',False,,4,8,2.0
cafèt',cafétéria,cafete,,ria,',True,nom,6,9,1.5
cafète,cafétéria,cafete,,ria,e,True,,6,9,1.5
cafét',cafétéria,cafete,,ria,',True,nom,6,9,1.5
caille,caillera,caille,,ra,e,True,,6,8,1.33
cali,caligraphie,cali,,grafie,i,True,,4,11,2.75
calmos,calmement,calm,os,ement,s,False,adv,6,9,1.5
calo,calorifère,calo,,rifere,o,True,,4,10,2.5
calva,calvados,calva,,dos,a,True,nom,5,8,1.6
camaro,camarade,camar,o,ade,o,False,,6,8,1.33
came,camelote,came,,lote,e,True,nom,4,8,2.0
campe,camping,camp,e,ing,e,False,,5,7,1.4
campe,camplouse,camp,e,louse,e,False,,5,9,1.8
camé,caméra,cam,é,era,é,False,,4,6,1.5
canna,cannabis,canna,,bis,a,True,nom,5,8,1.6
cannib's,cannibale,cannib,'s,ale,s,False,,8,9,1.12
cap,capable,cap,,able,p,False,adj,3,7,2.33
cap',capable,cap,e,able,',False,adj,4,7,1.75
capi,capitaine,capi,,taine,i,True,,4,9,2.25
capitalo,capitaliste,capital,o,iste,o,False,nom,8,11,1.37
capite,capitaine,capit,e,aine,e,False,,6,9,1.5
carbu,carburateur,carbu,,rateur,u,True,nom,5,11,2.2
carbure,carburant,carbur,e,ant,e,False,,7,9,1.28
carburo,carburateur,carbur,o,ateur,o,False,nom,7,11,1.57
cardio,cardiologie,cardio,,logie,o,True,nom,6,11,1.83
cardio,cardiologue,cardio,,logue,o,True,nom,6,11,1.83
casa,casablanca,casa,,blanca,a,True,,4,10,2.5
casse,cassement,casse,,ment,e,True,nom,5,9,1.8
casse,cassis,cass,e,is,e,False,,5,6,1.2
cassis-co,cassis-cognac,cassisco,,gnac,o,True,,9,13,1.44
cata,catastrophe,cata,,strofe,a,True,nom,4,11,2.75
cath,cathéter,cath,,eter,h,False,,4,8,2.0
catho,catholique,catho,,lique,o,True,adj,5,10,2.0
caté,catéchisme,cat,é,echisme,é,False,nom,4,10,2.5
cellulo,celluloïd,cellulo,,id,o,True,nom,7,9,1.28
cens,censeur,cens,,eur,s,False,,4,7,1.75
certi,certificat,certi,,ficat,i,True,,5,10,2.0
certif,certificat,certif,,icat,f,False,nom,6,10,1.66
certo,certificat,cert,o,ificat,o,False,,5,10,2.0
ch,cheval,ch,,eval,h,False,nom,2,6,3.0
cha-cha,cha-cha-cha,chacha,,cha,a,True,nom,7,11,1.57
chab,chabanais,chab,,anais,b,False,,4,9,2.25
champ,champagne,champ,,agne,p,False,nom,5,9,1.8
champ',champagne,champ,e,agne,',False,nom,6,9,1.5
champe,champagne,champ,e,agne,e,False,nom,6,9,1.5
chef-op',chef-opérateur,chefope,,rateur,',True,,8,14,1.75
chewing,chewing-gum,chewing,,gum,g,False,nom,7,11,1.57
chi,chimie,chi,,mie,i,True,,3,6,2.0
chik,chikungunya,chik,,ungunya,k,False,nom,4,11,2.75
chimio,chimiothérapie,chimio,,therapie,o,True,nom,6,14,2.33
chipo,chipolata,chipo,,lata,o,True,nom,5,9,1.8
chir,chirurgie,chir,,urgie,r,False,nom,4,9,2.25
chiro,chiropracteur,chiro,,practeur,o,True,nom,5,13,2.6
chiro,chiropraticien,chiro,,praticien,o,True,,5,14,2.8
chirurgo,chirurgien,chirurg,o,ien,o,False,nom,8,10,1.25
choco,chocolat,choco,,lat,o,True,nom,5,8,1.6
choré,chorégraphie,chor,é,egrafie,é,False,nom,5,12,2.4
chromo,chromolithographie,chromo,,lithografie,o,True,nom,6,18,3.0
chrono,chronomètre,chrono,,metre,o,True,nom,6,11,1.83
chrono,chronométreur,chrono,,metreur,o,True,nom,6,13,2.16
chrono,chronométré,chrono,,metré,o,True,,6,11,1.83
chti,chtimi,chti,,mi,i,True,nom,4,6,1.5
châsse,chassant,chass,e,ant,e,False,,6,8,1.33
châsse,châssis,chass,e,is,e,False,,6,7,1.16
château,châteaubriant,chateau,,briant,u,True,nom,7,13,1.85
chèche,chechia,chech,e,ia,e,False,,6,7,1.16
cibi,cibiche,cibi,,che,i,True,,4,7,1.75
cig,cigarette,cig,,arette,g,False,,3,9,3.0
ciné,cinéma,cin,é,ema,é,False,nom,4,6,1.5
cinéma,cinématographe,cinema,,tografe,a,True,nom,6,14,2.33
circule,circulation,circul,e,ation,e,False,,7,11,1.57
claf,clafoutis,claf,,outis,f,False,nom,4,9,2.25
clando,clandestins,cland,o,estins,o,False,,6,11,1.83
claustro,claustrophobie,claustro,,fobie,o,True,nom,8,14,1.75
clignanc,clignancourt,clignanc,,ourt,c,False,,8,12,1.5
cligno,clignotant,cligno,,tant,o,True,,6,10,1.66
clim,climatisation,clim,,atisation,m,False,nom,4,13,3.25
clito,clitoris,clito,,ris,o,True,nom,5,8,1.6
clo,clotilde,clo,,tilde,o,True,nom propre,3,8,2.66
coca,cocaïne,coca,,ine,a,True,nom,4,7,1.75
coco,cocaïne,coc,o,aine,o,False,nom,4,7,1.75
cogne,cognac,cogn,e,ac,e,False,nom,5,6,1.2
collabo,collaborateur,collabo,,rateur,o,True,nom,7,13,1.85
colle,collègue,colle,,gue,e,True,,5,8,1.6
collec,collection,collec,,tion,c,False,nom,6,10,1.66
colo,colonie,colo,,nie,o,True,nom,4,7,1.75
colo,colonies,colo,,nies,o,True,,4,8,2.0
colo,coloscopie,colo,,scopie,o,True,,4,10,2.5
coloc,colocataire,coloc,,ataire,c,False,nom,5,11,2.2
coloc,colocation,coloc,,ation,c,False,nom,5,10,2.0
colog,cologarithme,colog,,arithme,g,False,nom,5,12,2.4
colon,colonel,colon,,el,n,False,nom,5,7,1.4
com,commentaire,com,,mentaire,m,False,,3,11,3.66
com,communication,com,,munication,m,False,nom,3,13,4.33
combi,combinaison,combi,,naison,i,True,,5,11,2.2
combi,combinatiewagen,combi,,natiewagen,i,True,,5,15,3.0
combinaise,combinaison,combinais,e,on,e,False,,10,11,1.1
combine,combinaison,combin,e,aison,e,False,nom,7,11,1.57
combo,combination,comb,o,ination,o,False,,5,11,2.2
come,commerce,com,e,merce,e,False,,4,8,2.0
comm,commandant,comm,,andant,m,False,,4,10,2.5
comm',commission,comm,e,ission,',False,,5,10,2.0
compil,compilation,compil,,ation,l,False,nom,6,11,1.83
compile,compilation,compil,e,ation,e,False,nom,7,11,1.57
compo,composition,compo,,sition,o,True,nom,5,11,2.2
compose,composition,compos,e,ition,e,False,,7,11,1.57
compta,comptabilité,compta,,bilité,a,True,nom,6,12,2.0
compte,comptoir,compt,e,oir,e,False,,6,8,1.33
compète,compétition,compet,e,ition,e,False,,7,11,1.57
compé,compétition,comp,é,etition,é,False,nom,5,11,2.2
compét',compétition,compet,e,ition,',False,nom,7,11,1.57
condi,conditionnelle,condi,,tionnelle,i,True,,5,14,2.8
condo,condensateur,cond,o,ensateur,o,False,,5,12,2.4
condo,condominium,condo,,minium,o,True,nom,5,11,2.2
conf,confiance,conf,,iance,f,False,,4,9,2.25
congel,congélateur,congel,,ateur,l,False,nom,6,11,1.83
congélo,congélateur,congel,o,ateur,o,False,nom,7,11,1.57
conso,consolidation,conso,,lidation,o,True,nom,5,13,2.6
conso,consommation,conso,,mmation,o,True,nom,5,12,2.4
consom,consommation,consom,,mation,m,False,,6,12,2.0
consomme,consommation,consomm,e,ation,e,False,,8,12,1.5
constates,constatations,constat,es,ations,s,False,,9,13,1.44
contre-app,contre-appel,contreapp,,el,p,False,,10,12,1.2
contrib,contribution,contrib,,ution,b,False,nom,7,12,1.71
convalo,convalescence,conval,o,escence,o,False,,7,13,1.85
converse,conversation,convers,e,ation,e,False,,8,12,1.5
convoc,convocation,convoc,,ation,c,False,,6,11,1.83
coop,coopérative,coop,,erative,p,False,,4,11,2.75
cop,copain,cop,,ain,p,False,,3,6,2.0
cora,coralie,cora,,lie,a,True,,4,7,1.75
corbi,corbillard,corbi,,llard,i,True,,5,10,2.0
corono,coronarographie,coron,o,arografie,o,False,nom,6,15,2.5
cory,corydrane,cory,,drane,y,True,,4,9,2.25
cosec,cosécante,cosec,,ante,c,False,nom,5,9,1.8
cosmo,cosmographie,cosmo,,grafie,o,True,,5,12,2.4
cosméto,cosmétologie,cosmeto,,logie,o,True,nom,7,12,1.71
couv',couverture,couve,,rture,',True,,5,10,2.0
couve,couverture,couve,,rture,e,True,,5,10,2.0
crape,crapule,crap,e,ule,e,False,,5,7,1.4
crasp,craspec,crasp,,ec,p,False,,5,7,1.4
crime,criminelle,crim,e,inelle,e,False,nom,5,10,2.0
croco,crocodile,croco,,dile,o,True,nom,5,9,1.8
cross-merch,cross-merchandising,crossmerch,,andising,h,False,,11,19,1.72
cryo,cryogénisation,cryo,,genisation,o,True,,4,14,3.5
crypto,cryptographie,crypto,,grafie,o,True,,6,13,2.16
crypto,cryptologie,crypto,,logie,o,True,,6,11,1.83
créa,créatif,crea,,tif,a,True,,4,7,1.75
créa,création,crea,,tion,a,True,nom,4,8,2.0
cubi,cubitainer,cubi,,tainer,i,True,nom,4,10,2.5
cuir,cuirassier,cuir,,assier,r,False,,4,10,2.5
cuni,cunilingus,cuni,,lingus,i,True,nom,4,10,2.5
cunni,cunnilingus,cunni,,lingus,i,True,,5,11,2.2
cuti,cuti-réaction,cuti,,reaction,i,True,nom,4,13,3.25
cuti,cutiréaction,cuti,,reaction,i,True,,4,12,3.0
cyber,cybercafé,cyber,,café,r,False,,5,9,1.8
cyber,cybernétique,cyber,,netique,r,False,adj,5,12,2.4
cyber,cybersex,cyber,,sex,r,False,,5,8,1.6
cyber-,cybernetic,cyber,,netic,-,False,adj,6,10,1.66
cyber-,cybernétique,cyber,,netique,-,False,,6,12,2.0
cyclo,cyclomoteur,cyclo,,moteur,o,True,nom,5,11,2.2
cyno,cynocéphale,cyno,,cefale,o,True,nom,4,11,2.75
d'ac,d'accord,ac,,cord,c,False,adv,4,8,2.0
d'acc,d'accord,acc,,ord,c,False,adv,5,8,1.6
d'autor,d'autorité,autor,,ité,r,False,adv,7,10,1.42
dactyle,dactylopodite,dactyl,e,opodite,e,False,nom,7,13,1.85
dactylo,dactylographe,dactylo,,grafe,o,True,,7,13,1.85
dactylo,dactylographie,dactylo,,grafie,o,True,nom,7,14,2.0
dago,dagobert,dago,,bert,o,True,,4,8,2.0
deb,debutante,deb,,utante,b,False,nom,3,9,3.0
deb,débutante,deb,,utante,b,False,,3,9,3.0
demi,demi-chopine,demi,,chopine,i,True,,4,12,3.0
demi,demiard,demi,,ard,i,True,,4,7,1.75
der,dernier,der,,nier,r,False,adj,3,7,2.33
dermato,dermatologie,dermato,,logie,o,True,nom,7,12,1.71
dermato,dermatologue,dermato,,logue,o,True,nom,7,12,1.71
dess,dessin,dess,,in,s,False,,4,6,1.5
dia,diapositive,dia,,positive,a,True,,3,11,3.66
diam,diamant,diam,,ant,m,False,nom,4,7,1.75
diapo,diapositive,diapo,,sitive,o,True,nom,5,11,2.2
diatro,diatronicien,diatro,,nicien,o,True,,6,12,2.0
dico,dictionnaire,dic,o,tionnaire,o,False,nom,4,12,3.0
didact,didactique,didact,,ique,t,False,adj,6,10,1.66
dingo,dingue,ding,o,ue,o,False,,5,6,1.2
dino,dinosaure,dino,,saure,o,True,nom,4,9,2.25
diplo,diplomatie,diplo,,matie,o,True,nom,5,10,2.0
directo,directement,direct,o,ement,o,False,adv,7,11,1.57
disco,discoteca,disco,,teca,o,True,,5,9,1.8
disco,discotheque,disco,,theque,o,True,,5,11,2.2
disco,discothèque,disco,,theque,o,True,nom,5,11,2.2
dispo,disponible,dispo,,nible,o,True,adj,5,10,2.0
dispo,dispositif,dispo,,sitif,o,True,,5,10,2.0
dissert,dissertation,dissert,,ation,t,False,nom,7,12,1.71
disserte,dissertation,dissert,e,ation,e,False,nom,8,12,1.5
distrib,distribution,distrib,,ution,b,False,nom,7,12,1.71
doc,docteur,doc,,teur,c,False,,3,7,2.33
doc,document,doc,,ument,c,False,nom,3,8,2.66
doc,documentation,doc,,umentation,c,False,nom,3,13,4.33
docu,documentaire,docu,,mentaire,u,True,adj,4,12,3.0
dolicho,dolichocéphale,dolicho,,cefale,o,True,,7,14,2.0
dome,domicile,dom,e,icile,e,False,,4,8,2.0
domi,dominique,domi,,nique,i,True,nom propre,4,9,2.25
dort,dortoir,dort,,oir,t,False,,4,7,1.75
dorto,dortoir,dorto,,ir,o,True,,5,7,1.4
drag,dragster,drag,,ster,g,False,,4,8,2.0
drug,drug-store,drug,,store,g,False,nom,4,10,2.5
drug,drugstore,drug,,store,g,False,nom,4,9,2.25
dèche,déchéance,deche,,ance,e,True,,5,9,1.8
déb,débile,deb,,ile,b,False,adj,3,6,2.0
déca,décaféiner,deca,,feiner,a,True,nom,4,10,2.5
déca,décaféiné,deca,,feiné,a,True,adj,4,9,2.25
déci,décilitre,deci,,litre,i,True,nom,4,9,2.25
déco,déconnexion,deco,,nnexion,o,True,,4,11,2.75
déco,décoration,deco,,ration,o,True,nom,4,10,2.5
dégueu,dégueulasse,degueu,,lasse,u,True,adj,6,11,1.83
dégui,déguisé,degui,,sé,i,True,,5,7,1.4
dém,démission,dem,,ission,m,False,nom,3,9,3.0
démago,démagogique,demago,,gique,o,True,,6,11,1.83
démago,démagogue,demago,,gue,o,True,nom,6,9,1.5
démo,démonstration,demo,,nstration,o,True,nom,4,13,3.25
démoc,démocrate,democ,,rate,c,False,,5,9,1.8
déo,déodorant,deo,,dorant,o,True,,3,9,3.0
désert,déserteur,desert,,eur,t,False,,6,9,1.5
désintoxe,désintoxication,desintox,e,ication,e,False,nom,9,15,1.66
déso,désolé,deso,,lé,o,True,adj,4,6,1.5
déter,déterminé,deter,,miné,r,False,adj,5,9,1.8
e-cig,e-cigarette,ecig,,arette,g,False,nom,5,11,2.2
ecsta,ecstasy,ecsta,,sy,a,True,nom,5,7,1.4
elisa,elisabeth,elisa,,beth,a,True,nom propre,5,9,1.8
embroc,embrocation,embroc,,ation,c,False,nom,6,11,1.83
emmerde,emmerdement,emmerde,,ment,e,True,nom,7,11,1.57
emmerdes,emmerdement,emmerde,s,ment,s,True,,8,11,1.37
encéphalo,encéphalite,encefal,o,ite,o,False,,9,11,1.22
enduro,endurance,endur,o,ance,o,False,nom,6,9,1.5
engueulo,engueulade,engueul,o,ade,o,False,,8,10,1.25
entourloupe,entourloupette,entourloupe,,tte,e,True,nom,11,14,1.27
es,escroc,es,,croc,s,False,,2,6,3.0
escal,escalier,escal,,ier,l,False,,5,8,1.6
escort,escort-girl,escort,,girl,t,False,nom,6,11,1.83
esq,esquire,esq,,uire,q,False,nom,3,7,2.33
esq,esquisse,esq,,uisse,q,False,,3,8,2.66
estom,estomac,estom,,ac,m,False,nom,5,7,1.4
estome,estomac,estom,e,ac,e,False,nom,6,7,1.16
ethno,ethnologie,ethno,,logie,o,True,nom,5,10,2.0
euro,europe,euro,,pe,o,True,,4,6,1.5
exam,examen,exam,,en,m,False,nom,4,6,1.5
exc,excellence,exc,,ellence,c,False,nom,3,10,3.33
exhibi,exhibitionniste,exhibi,,tionniste,i,True,nom,6,15,2.5
exo,exercice,ex,o,ercice,o,False,,3,8,2.66
exo,extérieur,ex,o,terieur,o,False,,3,9,3.0
expat,expatriate,expat,,riate,t,False,nom,5,10,2.0
expat,expatrié,expat,,rié,t,False,,5,8,1.6
expo,exposition,expo,,sition,o,True,nom,4,10,2.5
export,exportation,export,,ation,t,False,nom,6,11,1.83
expé,expédition,exp,é,edition,é,False,nom,4,10,2.5
extra,extraordinaire,extra,,ordinaire,a,True,adj,5,14,2.8
exté,extérieur,ext,é,erieur,é,False,,4,9,2.25
fac,faculté,fac,,ulté,c,False,nom,3,7,2.33
falze,falzard,falz,e,ard,e,False,,5,7,1.4
fan,fanatic,fan,,atic,n,False,adj,3,7,2.33
fan,fanatique,fan,,atique,n,False,adj,3,9,3.0
fana,fanatique,fana,,tique,a,True,adj,4,9,2.25
far,farci,far,,ci,r,False,adj,3,5,1.66
fauffe,faufière,fauf,e,iere,e,False,,6,8,1.33
fav',favori,fav,e,ori,',False,,4,6,1.5
fell,fellagha,fell,,agha,l,False,,4,8,2.0
ferro,ferroprussiate,ferro,,prussiate,o,True,nom,5,14,2.8
ferry,ferry-boat,ferry,,boat,y,True,nom,5,10,2.0
filmo,filmographie,filmo,,grafie,o,True,,5,12,2.4
flip,flip-flap,flip,,flap,p,False,,4,9,2.25
flip,flipper,flip,,per,p,False,nom,4,7,1.75
flo,flora,flo,,ra,o,True,,3,5,1.66
flo,florence,flo,,rence,o,True,nom propre,3,8,2.66
flo,florian,flo,,rian,o,True,,3,7,2.33
fluo,fluorescent,fluo,,rescent,o,True,adj,4,11,2.75
folklo,folklorique,folklo,,rique,o,True,adj,6,11,1.83
foot,football,foot,,ball,t,False,nom,4,8,2.0
formid,formidable,formid,,able,d,False,adj,6,10,1.66
fort,forte,fort,,e,t,False,adv,4,5,1.25
forti,fortification,forti,,fication,i,True,,5,13,2.6
fortifes,fortifications,fortif,es,ications,s,False,nom,8,14,1.75
fortifs,fortifications,fortif,s,ications,s,False,nom,7,14,2.0
fox,fox-terrier,fox,,terrier,x,False,nom,3,11,3.66
franco,franchement,franc,o,hement,o,False,adv,6,11,1.83
frangib,frangibus,frangib,,us,b,False,,7,9,1.28
fred,frédéric,fred,,eric,d,False,adj,4,8,2.0
fric,fricot,fric,,ot,c,False,nom,4,6,1.5
frigo,frigidaire,frig,o,idaire,o,False,,5,10,2.0
frigo,frigorifique,frigo,,rifique,o,True,adj,5,12,2.4
frigo,frigorifié,frigo,,rifié,o,True,adj,5,10,2.0
froido,froidement,froid,o,ement,o,False,ad,6,10,1.66
from,fromage,from,,age,m,False,,4,7,1.75
fumi,fumigène,fumi,,gene,i,True,nom,4,8,2.0
funi,funiculaire,funi,,culaire,i,True,adj,4,11,2.75
fut',futal,fut,e,al,',False,nom,4,5,1.25
fute,futal,fut,e,al,e,False,,4,5,1.25
fédé,fédéral,fed,é,eral,é,False,,4,7,1.75
fédé,fédération,fed,é,eration,é,False,nom,4,10,2.5
galure,galurin,galur,e,in,e,False,nom,6,7,1.16
galvano,galvanoplastie,galvano,,plastie,o,True,nom,7,14,2.0
galvano,galvanotype,galvano,,type,o,True,nom,7,11,1.57
gaspi,gaspillage,gaspi,,llage,i,True,nom,5,10,2.0
gaspille,gaspillage,gaspill,e,age,e,False,nom,8,10,1.25
gastro,gastro-entérite,gastro,,enterite,o,True,nom,6,15,2.5
gastro,gastronomique,gastro,,nomique,o,True,adj,6,13,2.16
gaucho,gauchiste,gauch,o,iste,o,False,nom,6,9,1.5
ghis,ghislain,ghis,,lain,s,False,,4,8,2.0
gibe,gibier,gib,e,ier,e,False,,4,6,1.5
gig,gigolo,gig,,olo,g,False,,3,6,2.0
giga,gigantesque,giga,,ntesque,a,True,,4,11,2.75
giga,gigaoctet,giga,,octet,a,True,nom,4,9,2.25
gin,gin-rami,gin,,rami,n,False,nom,3,8,2.66
gin,gin-rummy,gin,,rummy,n,False,nom,3,9,3.0
glycéro,glycérophtalique,glycero,,ftalique,o,True,,7,16,2.28
goal,goal-keeper,goal,,keeper,l,False,nom,4,11,2.75
gobe,gobelet,gobe,,let,e,True,,4,7,1.75
gode,godemiché,gode,,miché,e,True,nom,4,9,2.25
godilles,godillots,godill,es,ots,s,False,,8,9,1.12
gogue,goguenot,gogue,,not,e,True,,5,8,1.6
gogues,goguenots,gogue,s,nots,s,True,,6,9,1.5
gonio,goniomètre,gonio,,metre,o,True,nom,5,10,2.0
gonio,goniométrie,gonio,,metrie,o,True,nom,5,11,2.2
gordo,gordini,gord,o,ini,o,False,,5,7,1.4
gourgande,gourgandine,gourgand,e,ine,e,False,,9,11,1.22
graf,graffiti,graf,,iti,f,False,,4,8,2.0
gramo,gramophone,gramo,,fone,o,True,nom,5,10,2.0
grand-ma,grand-maman,grandma,,man,a,True,nom,8,11,1.37
grand-pa,grand-papa,grandpa,,pa,a,True,nom,8,10,1.25
gratos,gratuitement,grat,os,uitement,s,False,adv,6,12,2.0
greg,gregor,greg,,or,g,False,,4,6,1.5
grill,grill-room,grill,,room,l,False,nom,5,10,2.0
gummi,gummiknüppel,gummi,,knüppel,i,True,,5,12,2.4
gus,gustave,gus,,tave,s,False,nom propre,3,7,2.33
gym,gymnastique,gym,,nastique,m,False,nom,3,11,3.66
gynéco,gynécologie,gyneco,,logie,o,True,nom,6,11,1.83
gynéco,gynécologiste,gyneco,,logiste,o,True,nom,6,13,2.16
gynéco,gynécologue,gyneco,,logue,o,True,nom,6,11,1.83
gyro,gyrophare,gyro,,fare,o,True,,4,9,2.25
gyro,gyroscope,gyro,,scope,o,True,,4,9,2.25
géné,général,gen,é,eral,é,False,,4,7,1.75
géo,géographie,geo,,grafie,o,True,nom,3,10,3.33
géo,géométrie,geo,,metrie,o,True,nom,3,9,3.0
hack,hackney,hack,,ney,k,False,nom propre,4,7,1.75
hallu,hallucination,hallu,,cination,u,True,nom,5,13,2.6
hand,hand-ball,hand,,ball,d,False,nom,4,9,2.25
hand,handball,hand,,ball,d,False,nom,4,8,2.0
hard,hardware,hard,,ware,d,False,nom,4,8,2.0
hasch,haschich,hasch,,ich,h,False,nom,5,8,1.6
hasch,haschisch,hasch,,isch,h,False,nom,5,9,1.8
hebdo,hebdomadaire,hebdo,,madaire,o,True,adj,5,12,2.4
hecto,hectolitre,hecto,,litre,o,True,nom,5,10,2.0
hexa,hexadécimal,hexa,,decimal,a,True,,4,11,2.75
hip,hippie,hip,,pie,p,False,nom,3,6,2.0
hip,hippies,hip,,pies,p,False,nom,3,7,2.33
hip,hippy,hip,,py,p,False,nom,3,5,1.66
hippo,hippopotame,hippo,,potame,o,True,nom,5,11,2.2
hippo,hippopotamus,hippo,,potamus,o,True,nom,5,12,2.4
histo,histogramme,histo,,gramme,o,True,nom,5,11,2.2
histo,histologie,histo,,logie,o,True,,5,10,2.0
hitch,hitchcock,hitch,,cock,h,False,nom propre,5,9,1.8
hom,homonyme,hom,,onyme,m,False,nom,3,8,2.66
homo,homosexual,homo,,sexual,o,True,,4,10,2.5
homo,homosexuel,homo,,sexuel,o,True,adj,4,10,2.5
hospi,hospitalisation,hospi,,talisation,i,True,,5,15,3.0
hyper,hypermarché,hyper,,marché,r,False,,5,11,2.2
hypo,hypocrite,hypo,,crite,o,True,,4,9,2.25
hystéro,hystérique,hyster,o,ique,o,False,adj,7,10,1.42
hélico,hélicoptère,helico,,ptere,o,True,nom,6,11,1.83
hélio,héliogravure,helio,,gravure,o,True,nom,5,12,2.4
héro,héroïne,hero,,ine,o,True,nom,4,7,1.75
hérédo,hérédo-syphilitique,heredo,,syfilitique,o,True,,6,19,3.16
hérédo,hérédosyphilis,heredo,,syfilis,o,True,nom,6,14,2.33
hétéro,hétérosexuel,hetero,,sexuel,o,True,adj,6,12,2.0
ibid,ibidem,ibid,,em,d,False,adv,4,6,1.5
icono,iconographie,icono,,grafie,o,True,nom,5,12,2.4
illu,illustration,illu,,stration,u,True,nom,4,12,3.0
immo,immobilier,immo,,bilier,o,True,adj,4,10,2.5
impec,impeccable,impec,,cable,c,False,adj,5,10,2.0
impec,impeccablement,impec,,cablement,c,False,adv,5,14,2.8
imper,imperméable,imper,,meable,r,False,adj,5,11,2.2
import,importation,import,,ation,t,False,nom,6,11,1.83
impro,improvisation,impro,,visation,o,True,nom,5,13,2.6
in-octavo,in-octavique,inoctav,o,ique,o,False,adj,9,12,1.33
incruste,incrustation,incrust,e,ation,e,False,nom,8,12,1.5
indemnes,indemnités,indemn,es,ites,s,False,,8,10,1.25
indic,indicateur,indic,,ateur,c,False,nom,5,10,2.0
indo,indochine,indo,,chine,o,True,,4,9,2.25
indé,indépendant,ind,é,ependant,é,False,,4,11,2.75
infi,infirmerie,infi,,rmerie,i,True,,4,10,2.5
infir,infirmerie,infir,,merie,r,False,,5,10,2.0
infirm,infirmerie,infirm,,erie,m,False,,6,10,1.66
info,information,info,,rmation,o,True,nom,4,11,2.75
ingé,ingénieur,ing,é,enieur,é,False,,4,9,2.25
ino,inoccupé,ino,,ccupé,o,True,,3,8,2.66
inox,inoxydable,inox,,ydable,x,False,adj,4,10,2.5
insti,instituteur,insti,,tuteur,i,True,nom,5,11,2.2
insti,institutrice,insti,,tutrice,i,True,,5,12,2.4
instit,instituteur,instit,,uteur,t,False,nom,6,11,1.83
instit,institutrice,instit,,utrice,t,False,,6,12,2.0
intello,intellectuel,intell,o,ectuel,o,False,adj,7,12,1.71
inter,interurbain,inter,,urbain,r,False,adj,5,11,2.2
inter,intérieur,inter,,ieur,r,False,adj,5,9,1.8
interpro,interprofession,interpro,,fession,o,True,,8,15,1.87
interro,interrogation,interro,,gation,o,True,nom,7,13,1.85
intox,intoxication,intox,,ication,x,False,nom,5,12,2.4
intoxe,intoxication,intox,e,ication,e,False,nom,6,12,2.0
intro,introduction,intro,,duction,o,True,nom,5,12,2.4
introduc,introduction,introduc,,tion,c,False,,8,12,1.5
intérim,intérimaire,interim,,aire,m,False,,7,11,1.57
invar,invariable,invar,,iable,r,False,adj,5,10,2.0
invit,invitation,invit,,ation,t,False,nom,5,10,2.0
invite,invitation,invit,e,ation,e,False,,6,10,1.66
ipéca,ipécacuana,ipeca,,cuana,a,True,,5,10,2.0
isa,isabelle,isa,,belle,a,True,nom propre,3,8,2.66
italo,italien,ital,o,ien,o,False,,5,7,1.4
jag,jaguar,jag,,uar,g,False,nom,3,6,2.0
jap,japanese,jap,,anese,p,False,,3,8,2.66
jap,japonais,jap,,onais,p,False,nom,3,8,2.66
jar,jargon,jar,,gon,r,False,nom,3,6,2.0
jean-mi,jean-michel,jeanmi,,chel,i,True,nom propre,7,11,1.57
jo,joseph,jo,,sef,o,True,nom propre,2,6,3.0
jo,josé,jo,,sé,o,True,nom propre,2,4,2.0
jockey,jockey-club,jockey,,club,y,True,nom,6,11,1.83
juke,juke-box,juke,,box,e,True,nom,4,8,2.0
jumbo,jumbo-jet,jumbo,,jet,o,True,nom,5,9,1.8
justif,justification,justif,,ication,f,False,nom,6,13,2.16
juxta,juxtalinéaire,juxta,,lineaire,a,True,,5,13,2.6
jèse,jésuite,jes,e,uite,e,False,nom,4,7,1.75
kalach,kalachnikov,kalach,,nikov,h,False,nom,6,11,1.83
kalash,kalashnikov,kalash,,nikov,h,False,,6,11,1.83
kanter,kanterbrau,kanter,,brau,r,False,,6,10,1.66
kawa,kawazaki,kawa,,zaki,a,True,,4,8,2.0
kick,kick-starter,kick,,starter,k,False,nom,4,12,3.0
kil,kilo,kil,,o,l,False,nom,3,4,1.33
kilo,kilogram,kilo,,gram,o,True,,4,8,2.0
kilo,kilogramme,kilo,,gramme,o,True,nom,4,10,2.5
kilo,kilometre,kilo,,metre,o,True,,4,9,2.25
kilo,kilomètre,kilo,,metre,o,True,,4,9,2.25
kilo,kilooctet,kilo,,octet,o,True,,4,9,2.25
kiné,kinésithérapeute,kin,é,esitherapeute,é,False,nom,4,16,4.0
kiné,kinésithérapie,kin,é,esitherapie,é,False,,4,14,3.5
kinési,kinésithérapeute,kinesi,,therapeute,i,True,nom,6,16,2.66
kinési,kinésithérapie,kinesi,,therapie,i,True,nom,6,14,2.33
kymo,kymographe,kymo,,grafe,o,True,,4,10,2.5
kéro,kérozène,kero,,zene,o,True,,4,8,2.0
labo,laboratoire,labo,,ratoire,o,True,nom,4,11,2.75
lacrymo,lacrymogène,lacrymo,,gene,o,True,,7,11,1.57
lanche,lanchara,lanch,e,ara,e,False,nom,6,8,1.33
lans,lansquenet,lans,,quenet,s,False,,4,10,2.5
lansqu,lansquenet,lansqu,,enet,u,True,,6,10,1.66
lavab,lavabo,lavab,,o,b,False,,5,6,1.2
libé,libération,lib,é,eration,é,False,,4,10,2.5
lieute,lieutenant,lieute,,nant,e,True,,6,10,1.66
lili,liliane,lili,,ane,i,True,,4,7,1.75
lino,linoléum,lino,,leum,o,True,nom,4,8,2.0
lino,linotype,lino,,type,o,True,nom,4,8,2.0
lipo,liposuccion,lipo,,succion,o,True,nom,4,11,2.75
litho,lithographie,litho,,grafie,o,True,nom,5,12,2.4
loc,location,loc,,ation,c,False,,3,8,2.66
loco,locomotive,loco,,motive,o,True,nom,4,10,2.5
log,logarithme,log,,arithme,g,False,nom,3,10,3.33
logo,logotype,logo,,type,o,True,nom,4,8,2.0
lope,lopaillekem,lop,e,aillekem,e,False,,4,11,2.75
lorce,lorcefé,lorce,,fé,e,True,,5,7,1.4
loub,loubard,loub,,ard,b,False,nom,4,7,1.75
louf,loufiat,louf,,iat,f,False,,4,7,1.75
ludo,ludovic,ludo,,vic,o,True,nom propre,4,7,1.75
lunch,luncheon,lunch,,eon,h,False,nom,5,8,1.6
ma,maman,ma,,man,a,True,nom,2,5,2.5
mac,mackintosh,mac,,kintosh,c,False,,3,10,3.33
maca,macaroni,maca,,roni,a,True,,4,8,2.0
macchab,macchabée,macchab,,ée,b,False,nom,7,9,1.28
machino,machiniste,machin,o,iste,o,False,,7,10,1.42
macro,macro-instruction,macro,,instruction,o,True,,5,17,3.4
macro,macroéconomie,macro,,economie,o,True,nom,5,13,2.6
macrophoto,macrophotographie,macrofoto,,grafie,o,True,nom,10,17,1.7
macule,maculature,macul,e,ature,e,False,nom,6,10,1.66
magase,magasin,magas,e,in,e,False,,6,7,1.16
magnéto,magnétophone,magneto,,fone,o,True,nom,7,12,1.71
magnéto,magnétoscope,magneto,,scope,o,True,,7,12,1.71
magnéto,magnétoélectrique,magneto,,electrique,o,True,adj,7,17,2.42
majo,majoritaire,majo,,ritaire,o,True,adj,4,11,2.75
malag,malaguti,malag,,uti,g,False,,5,8,1.6
mam',maman,mam,e,an,',False,,4,5,1.25
manif,manifestation,manif,,estation,f,False,nom,5,13,2.6
manip,manipulation,manip,,ulation,p,False,nom,5,12,2.4
manipe,manipulation,manip,e,ulation,e,False,,6,12,2.0
manipul,manipulation,manipul,,ation,l,False,,7,12,1.71
manu,manuel,manu,,el,u,True,nom,4,6,1.5
manut,manutention,manut,,ention,t,False,,5,11,2.2
mao,maoïste,mao,,iste,o,True,nom,3,7,2.33
maqui,maquillage,maqui,,llage,i,True,,5,10,2.0
marlin,marlinspike,marlin,,spike,n,False,nom,6,11,1.83
maso,masochiste,maso,,chiste,o,True,nom,4,10,2.5
mat,matin,mat,,in,t,False,,3,5,1.66
mat',matin,mat,e,in,',False,nom,4,5,1.25
mater,maternelle,mater,,nelle,r,False,adj,5,10,2.0
math,mathématique,math,,ematique,h,False,nom,4,12,3.0
maths,mathematics,math,s,ematics,s,False,,5,11,2.2
maths,mathématique,math,s,ematique,s,False,nom,5,12,2.4
maths,mathématiques,math,s,ematiques,s,False,nom,5,13,2.6
matos,matériel,mat,os,eriel,s,False,,5,8,1.6
matt,matthew,matt,,hew,t,False,nom propre,4,7,1.75
matt,matthieu,matt,,hieu,t,False,nom propre,4,8,2.0
matu,maturité,matu,,rité,u,True,nom,4,8,2.0
max,maximum,max,,imum,x,False,nom,3,7,2.33
max,maxiton,max,,iton,x,False,,3,7,2.33
maxi,maximal,maxi,,mal,i,True,adj,4,7,1.75
maxi,maximum,maxi,,mum,i,True,nom,4,7,1.75
mayo,mayonnaise,mayo,,nnaise,o,True,nom,4,10,2.5
maz,mazas,maz,,as,z,False,,3,5,1.66
maza,mazarin,maza,,rin,a,True,,4,7,1.75
mcdo,mcdonald's,mcdo,,nald's,o,True,,4,10,2.5
mercuro,mercurochrome,mercuro,,chrome,o,True,,7,13,1.85
messer,messerschmidt,messer,,schmidt,r,False,,6,13,2.16
mex',mexicain,mex,e,icain,',False,,4,8,2.0
mic,micro,mic,,ro,c,False,,3,5,1.66
mic,microphone,mic,,rofone,c,False,,3,10,3.33
micro,micro-informatique,micro,,informatique,o,True,nom,5,18,3.6
micro,micro-ordinateur,micro,,ordinateur,o,True,nom,5,16,3.2
micro,microphone,micro,,fone,o,True,nom,5,10,2.0
mili,militaire,mili,,taire,i,True,adj,4,9,2.25
militaro,militariste,militar,o,iste,o,False,,8,11,1.37
min,minute,min,,ute,n,False,nom,3,6,2.0
mini,mini-jupe,mini,,jupe,i,True,nom,4,9,2.25
mini,mini-ordinateur,mini,,ordinateur,i,True,nom,4,15,3.75
mino,mineur,min,o,eur,o,False,nom,4,6,1.5
miso,misogyne,miso,,gyne,o,True,nom,4,8,2.0
miss,mistress,mis,s,tress,s,False,nom,4,8,2.0
misti,mistigri,misti,,gri,i,True,,5,8,1.6
mite,mitard,mit,e,ard,e,False,,4,6,1.5
mitraille,mitrailleuse,mitraille,,use,e,True,,9,12,1.33
mob,mobylette,mob,,ylette,b,False,nom,3,9,3.0
mobil,mobilisation,mobil,,isation,l,False,,5,12,2.4
mod,modernist,mod,,ernist,d,False,,3,9,3.0
modif,modification,modif,,ication,f,False,nom,5,12,2.4
modul',modulation,modul,e,ation,',False,,6,10,1.66
moit',moitié,moit,e,ié,',False,,5,6,1.2
mole,molécule,mole,,cule,e,True,nom,4,8,2.0
mollo,mollement,moll,o,ement,o,False,adv,5,9,1.8
momi,mominette,momi,,nette,i,True,nom,4,9,2.25
mono,moniteur,mon,o,iteur,o,False,nom,4,8,2.0
mono,monocylindre,mono,,cylindre,o,True,nom,4,12,3.0
mono,mononucléose,mono,,nucleose,o,True,nom,4,12,3.0
mono,monophonie,mono,,fonie,o,True,nom,4,10,2.5
mono,monophonique,mono,,fonique,o,True,adj,4,12,3.0
mons,monsieur,mons,,ieur,s,False,nom,4,8,2.0
montparno,montparnasse,montparn,o,asse,o,False,,9,12,1.33
morfal,morfaloux,morfal,,oux,l,False,,6,9,1.5
morph,morphine,morf,,ine,h,False,,5,8,1.6
morphino,morphinomane,morfino,,mane,o,True,,8,12,1.5
motiv',motivation,motiv,e,ation,',False,,6,10,1.66
moto,motocyclette,moto,,cyclette,o,True,nom,4,12,3.0
mouss,moustafa,mous,s,tafa,s,False,nom,5,8,1.6
mouss,moustapha,mous,s,tafa,s,False,nom,5,9,1.8
mozza,mozzarelle,mozza,,relle,a,True,,5,10,2.0
muscu,musculation,muscu,,lation,u,True,nom,5,11,2.2
musicos,musicien,music,os,ien,s,False,,7,8,1.14
mytho,mythomane,mytho,,mane,o,True,nom,5,9,1.8
mécano,mécanicien,mecan,o,icien,o,False,nom,6,10,1.66
méga,méga-octet,mega,,octet,a,True,nom,4,10,2.5
méga,mégaoctet,mega,,octet,a,True,,4,9,2.25
mégalo,mégalomane,megalo,,mane,o,True,nom,6,10,1.66
mélo,mélodramatique,melo,,dramatique,o,True,,4,14,3.5
mélo,mélodrame,melo,,drame,o,True,nom,4,9,2.25
mémo,mémorandum,memo,,randum,o,True,nom,4,10,2.5
méphisto,méphistophélès,mefisto,,feles,o,True,nom propre,8,14,1.75
méta,métaldéhyde,meta,,ldehyde,a,True,nom,4,11,2.75
métallo,métallurgiste,metall,o,urgiste,o,False,nom,7,13,1.85
métha,méthadone,metha,,done,a,True,,5,9,1.8
métro,métropole,metro,,pole,o,True,,5,9,1.8
métro,métropolitain,metro,,politain,o,True,nom,5,13,2.6
météo,météorologie,meteo,,rologie,o,True,nom,5,12,2.4
météo,météorologique,meteo,,rologique,o,True,adj,5,14,2.8
mêlé-cass,mêlé-cassis,melecass,,is,s,False,,9,11,1.22
mêlé-casse,mêlé-cassis,melecass,e,is,e,False,nom,10,11,1.1
mêlécasse,mêlé-cassis,melecass,e,is,e,False,,9,11,1.22
nap,napoléon,nap,,oleon,p,False,nom propre,3,8,2.66
napht,naphtaline,naft,,aline,t,False,,5,10,2.0
narc,narcotique,narc,,otique,c,False,,4,10,2.5
narco,narcotrafiquant,narco,,trafiquant,o,True,nom,5,15,3.0
narra,narration,narra,,tion,a,True,,5,9,1.8
natha,nathalie,natha,,lie,a,True,nom propre,5,8,1.6
nave,navet,nave,,t,e,True,nom,4,5,1.25
nes,nescafé,nes,,café,s,False,,3,7,2.33
neuro,neurologie,neuro,,logie,o,True,,5,10,2.0
news,newsmagazine,news,,magazine,s,False,nom,4,12,3.0
nib,nibergue,nib,,ergue,b,False,,3,8,2.66
nico,nicolas,nico,,las,o,True,nom propre,4,7,1.75
nitro,nitroglycérine,nitro,,glycerine,o,True,,5,14,2.8
norco,norcoral,norco,,ral,o,True,,5,8,1.6
nordaf,nord-africain,nordaf,,ricain,f,False,adj,6,13,2.16
nouvelle,nouvelle-calédonie,nouvelle,,caledonie,e,True,,8,18,2.25
nympho,nymphomane,nymfo,,mane,o,True,nom,6,10,1.66
nécro,nécrologie,necro,,logie,o,True,nom,5,10,2.0
nécro,nécropsie,necro,,psie,o,True,,5,9,1.8
nécrops,nécropsie,necrops,,ie,s,False,,7,9,1.28
néo,néoplasme,neo,,plasme,o,True,nom,3,9,3.0
nœud-pap,nœud-papillon,nœudpap,,illon,p,False,nom,8,13,1.62
observe,observation,observ,e,ation,e,False,,7,11,1.57
occase,occasion,occas,e,ion,e,False,nom,6,8,1.33
off,officier,of,,icier,f,False,,3,8,2.66
oigne,oignon,oign,e,on,e,False,,5,6,1.2
oli,olivier,oli,,vier,i,True,nom propre,3,7,2.33
op,opium,op,,ium,p,False,,2,5,2.5
op,opus,op,,us,p,False,nom,2,4,2.0
ophtalmo,ophtalmologiste,oftalmo,,logiste,o,True,nom,8,15,1.87
ophtalmo,ophtalmologue,oftalmo,,logue,o,True,nom,8,13,1.62
opé,opération,op,é,eration,é,False,,3,9,3.0
ordi,ordinateur,ordi,,nateur,i,True,nom,4,10,2.5
ordino,ordinogramme,ordino,,gramme,o,True,,6,12,2.0
ordo,ordonnance,ordo,,nnance,o,True,,4,10,2.5
orthicon,orthiconoscope,orthicon,,oscope,n,False,nom,8,14,1.75
ortho,orthographe,ortho,,grafe,o,True,,5,11,2.2
ostéo,ostéologie,osteo,,logie,o,True,,5,10,2.0
oto-rhino,oto-rhino-laryngologiste,otorhino,,laryngologiste,o,True,nom,9,24,2.66
pa,papa,pa,,pa,a,True,nom,2,4,2.0
paf,paffé,paf,,é,f,False,interj,3,5,1.66
page,pageot,page,,ot,e,True,,4,6,1.5
pakos,pakistanais,pak,os,istanais,s,False,,5,11,2.2
palu,paludisme,palu,,disme,u,True,nom,4,9,2.25
pam,pamela,pam,,ela,m,False,nom,3,6,2.0
pana,panama,pana,,ma,a,True,,4,6,1.5
panam,panaméricain,panam,,ericain,m,False,adj,5,12,2.4
panchro,panchromatique,panchro,,matique,o,True,adj,7,14,2.0
pano,panoramique,pano,,ramique,o,True,adj,4,11,2.75
para,parachutiste,para,,chutiste,a,True,nom,4,12,3.0
para,parapharmacie,para,,farmacie,a,True,,4,13,3.25
parano,paranoïa,parano,,ia,o,True,nom,6,8,1.33
parano,paranoïaque,parano,,iaque,o,True,nom,6,11,1.83
passe,passant,pass,e,ant,e,False,,5,7,1.4
passe,passe-partout,passe,,partout,e,True,nom,5,13,2.6
passe,passeport,passe,,port,e,True,,5,9,1.8
passing,passing-shot,passing,,shot,g,False,,7,12,1.71
pat,patrick,pat,,rick,t,False,nom propre,3,7,2.33
pater,paternel,pater,,nel,r,False,adj,5,8,1.6
patro,patronage,patro,,nage,o,True,nom,5,9,1.8
pec,pectoral,pec,,toral,c,False,,3,8,2.66
pectos,pectoraux,pecto,s,raux,s,True,adj,6,9,1.5
pelote,peloton,pelot,e,on,e,False,nom,6,7,1.16
pen,pensionnaire,pen,,sionnaire,n,False,,3,12,4.0
pens,pensionnaire,pens,,ionnaire,s,False,,4,12,3.0
pensio,pensionnaire,pensio,,nnaire,o,True,,6,12,2.0
pento,pentotal,pento,,tal,o,True,,5,8,1.6
perco,percolateur,perco,,lateur,o,True,nom,5,11,2.2
perf,perfectionnement,perf,,ectionnement,f,False,,4,16,4.0
perf,perfecto,perf,,ecto,f,False,adv,4,8,2.0
perf,performance,perf,,ormance,f,False,,4,11,2.75
perf,perfusion,perf,,usion,f,False,nom,4,9,2.25
perfo,perforateur,perfo,,rateur,o,True,nom,5,11,2.2
perfo,perforation,perfo,,ration,o,True,nom,5,11,2.2
perfo,perforeuse,perfo,,reuse,o,True,nom,5,10,2.0
perfo,performance,perfo,,rmance,o,True,,5,11,2.2
perm,permanence,perm,,anence,m,False,nom,4,10,2.5
perm,perme,perm,,e,m,False,nom,4,5,1.25
perm,permission,perm,,ission,m,False,nom,4,10,2.5
perme,permission,perm,e,ission,e,False,nom,5,10,2.0
pernifle,perniflard,pernifl,e,ard,e,False,,8,10,1.25
perpète,perpétuité,perpet,e,uité,e,False,,7,10,1.42
perquise,perquisition,perquis,e,ition,e,False,nom,8,12,1.5
perso,personnel,perso,,nnel,o,True,adj,5,9,1.8
perso,personnellement,perso,,nnellement,o,True,,5,15,3.0
pete,peter,pete,,r,e,True,nom propre,4,5,1.25
petit-déj',petit-déjeuner,petitdeje,,uner,',True,nom,10,14,1.4
phaco,phacochère,faco,,chere,o,True,nom,5,10,2.0
phallo,phallocrate,fallo,,crate,o,True,nom,6,11,1.83
pharma,pharmacie,farma,,cie,a,True,nom,6,9,1.5
pharmaco,pharmacien,farmac,o,ien,o,False,,8,10,1.25
phil,philippe,fil,,ippe,l,False,nom propre,4,8,2.0
philo,philodendron,filo,,dendron,o,True,,5,12,2.4
philo,philosophie,filo,,sofie,o,True,nom,5,11,2.2
phils,philippines,fil,s,ippines,s,False,,5,11,2.2
phono,phonographe,fono,,grafe,o,True,nom,5,11,2.2
photo,photograph,foto,,graf,o,True,nom,5,10,2.0
photo,photographie,foto,,grafie,o,True,nom,5,12,2.4
photocompo,photocomposition,fotocompo,,sition,o,True,nom,10,16,1.6
phtisio,phtisiologie,ftisio,,logie,o,True,,7,12,1.71
phy,physique,fy,,sique,y,True,,3,8,2.66
pi,pied,pi,,ed,i,True,nom,2,4,2.0
piano,piano-forte,piano,,forte,o,True,nom,5,11,2.2
pipe,pipeline,pipe,,line,e,True,nom,4,8,2.0
pit,pit-bull,pit,,bull,t,False,nom,3,8,2.66
pit,pitbull,pit,,bull,t,False,nom,3,7,2.33
pive,pivois,piv,e,ois,e,False,nom,4,6,1.5
piz,pizza,piz,,za,z,False,,3,5,1.66
pizz,pizzicato,pizz,,icato,z,False,nom,4,9,2.25
placo,placoplâtre,placo,,platre,o,True,nom,5,11,2.2
plexi,plexiglas,plexi,,glas,i,True,,5,9,1.8
plum,plum-cake,plum,,cake,m,False,nom,4,9,2.25
plum,plum-pouding,plum,,pouding,m,False,nom,4,12,3.0
plum,plum-pudding,plum,,pudding,m,False,nom,4,12,3.0
plume,plumard,plum,e,ard,e,False,nom,5,7,1.4
pneu,pneumatique,pneu,,matique,u,True,adj,4,11,2.75
pneumo,pneumothorax,pneumo,,thorax,o,True,,6,12,2.0
po,pouce,po,,uce,o,True,nom,2,5,2.5
poisse,poissard,poiss,e,ard,e,False,,6,8,1.33
poisse,poisson,poiss,e,on,e,False,nom,6,7,1.16
pok,poker,pok,,er,k,False,,3,5,1.66
pola,polaroïd,pola,,roid,a,True,,4,8,2.0
polio,poliomyélite,polio,,myelite,o,True,nom,5,12,2.4
poly,polycopié,poly,,copié,y,True,adj,4,9,2.25
popu,populaire,popu,,laire,u,True,,4,9,2.25
populo,populace,popul,o,ace,o,False,nom,6,8,1.33
populo,population,popul,o,ation,o,False,,6,10,1.66
porno,pornografický,porno,,grafický,o,True,,5,13,2.6
porno,pornographie,porno,,grafie,o,True,nom,5,12,2.4
porno,pornographique,porno,,grafique,o,True,adj,5,14,2.8
port,portable,port,,able,t,False,adj,4,8,2.0
possibilo,possibiliste,possibil,o,iste,o,False,,9,12,1.33
postdoc,postdoctorant,postdoc,,torant,c,False,,7,13,1.85
postop,postopératoire,postop,,eratoire,p,False,,6,14,2.33
postère,postérieur,poster,e,ieur,e,False,adj,7,10,1.42
pote,poteau,pote,,au,e,True,nom,4,6,1.5
pouffe,pouffiasse,pouf,e,iasse,e,False,nom,6,10,1.66
pouffe,poufiasse,pouf,e,iasse,e,False,nom,6,9,1.5
pre,premier,pre,,mier,e,True,,3,7,2.33
prem,premier,prem,,ier,m,False,,4,7,1.75
presu,pressurisation,pres,u,surisation,u,False,,5,14,2.8
prin,principal,prin,,cipal,n,False,,4,9,2.25
prisu,prisunic,prisu,,nic,u,True,adj,5,8,1.6
pro,profession,pro,,fession,o,True,,3,10,3.33
pro,professional,pro,,fessional,o,True,,3,12,4.0
pro,professionnel,pro,,fessionnel,o,True,adj,3,13,4.33
pro,projet,pro,,jet,o,True,,3,6,2.0
probas,probabilités,proba,s,bilites,s,True,,6,12,2.0
problo,probloque,problo,,que,o,True,,6,9,1.5
problo,problème,probl,o,eme,o,False,nom,6,8,1.33
proc,procureur,proc,,ureur,c,False,,4,9,2.25
proc,procureure,proc,,ureure,c,False,,4,10,2.5
proc,procédure,proc,,edure,c,False,,4,9,2.25
procu,procureur,procu,,reur,u,True,,5,9,1.8
prod,production,prod,,uction,d,False,nom,4,10,2.5
prod,produit,prod,,uit,d,False,,4,7,1.75
prof,professeur,prof,,esseur,f,False,nom,4,10,2.5
prog,programmation,prog,,rammation,g,False,nom,4,13,3.25
projo,projecteur,proj,o,ecteur,o,False,nom,5,10,2.0
prolo,prolétaire,prol,o,etaire,o,False,adj,5,10,2.0
prolong,prolongation,prolong,,ation,g,False,nom,7,12,1.71
promo,promotion,promo,,tion,o,True,nom,5,9,1.8
prono,pronostic,prono,,stic,o,True,adj,5,9,1.8
propé,propédeutique,prop,é,edeutique,é,False,adj,5,13,2.6
pross,processeur,pro,ss,cesseur,s,True,,5,10,2.0
proto,prototype,proto,,type,o,True,nom,5,9,1.8
prov,proverbe,prov,,erbe,v,False,nom,4,8,2.0
provi,proviseur,provi,,seur,i,True,,5,9,1.8
provise,provision,provis,e,ion,e,False,nom,7,9,1.28
provo,proviseur,prov,o,iseur,o,False,,5,9,1.8
provoc,provocation,provoc,,ation,c,False,nom,6,11,1.83
proxo,proxénète,prox,o,enete,o,False,nom,5,9,1.8
proxéno,proxénète,proxen,o,ete,o,False,nom,7,9,1.28
préado,préadolescent,preado,,lescent,o,True,nom,6,13,2.16
préampli,préamplificateur,preampli,,ficateur,i,True,nom,8,16,2.0
préampli,préamplification,preampli,,fication,i,True,nom,8,16,2.0
prébac,prébaccalauréat,prebac,,calaureat,c,False,nom,6,15,2.5
prélu,préludine,prelu,,dine,u,True,,5,9,1.8
préop,préopératoire,preop,,eratoire,p,False,,5,13,2.6
prép,préparation,prep,,aration,p,False,,4,11,2.75
prépa,préparatoire,prepa,,ratoire,a,True,nom,5,12,2.4
préso,préservatif,pres,o,ervatif,o,False,,5,11,2.2
pseudo,pseudonyme,pseudo,,nyme,o,True,nom,6,10,1.66
psilo,psilocybe,psilo,,cybe,o,True,,5,9,1.8
psy,psychanalyste,psy,,chanalyste,y,True,nom,3,13,4.33
psy,psychanalytique,psy,,chanalytique,y,True,adj,3,15,5.0
psy,psychiatre,psy,,chiatre,y,True,nom,3,10,3.33
psy,psychiatrique,psy,,chiatrique,y,True,adj,3,13,4.33
psy,psychologiatrique,psy,,chologiatrique,y,True,adj,3,17,5.66
psy,psychologue,psy,,chologue,y,True,nom,3,11,3.66
psycho,psychologie,psycho,,logie,o,True,nom,6,11,1.83
pub,publicité,pub,,licité,b,False,adj,3,9,3.0
publi,publication,publi,,cation,i,True,nom,5,11,2.2
pull,pull-over,pull,,over,l,False,nom,4,9,2.25
pute,putain,put,e,ain,e,False,nom,4,6,1.5
pyj,pyjama,pyj,,ama,j,False,nom,3,6,2.0
pète,pétard,pet,e,ard,e,False,,4,6,1.5
pédago,pédagogue,pedago,,gue,o,True,nom,6,9,1.5
pédo,pédophile,pedo,,file,o,True,nom,4,9,2.25
pédé,pédéraste,ped,é,eraste,é,False,nom,4,9,2.25
pédéro,pédéraste,peder,o,aste,o,False,,6,9,1.5
pélage,pélagie,pelag,e,ie,e,False,,6,7,1.16
péni,pénitentiaire,peni,,tentiaire,i,True,,4,13,3.25
péno,pénalty,pen,o,alty,o,False,nom,4,7,1.75
périf,périphérique,perif,,erique,f,False,adj,5,12,2.4
périph,périphérique,perif,,erique,h,False,adj,6,12,2.0
quadra,quadragénaire,quadra,,genaire,a,True,nom,6,13,2.16
quadri,quadriphonie,quadri,,fonie,i,True,nom,6,12,2.0
quadri,quadriphonique,quadri,,fonique,i,True,adj,6,14,2.33
quat',quatre,quat,e,re,',False,,5,6,1.2
quin,quinquina,quin,,quina,n,False,,4,9,2.25
quinqua,quinquagénaire,quinqua,,genaire,a,True,nom,7,14,2.0
rab,rabiot,rab,,iot,b,False,nom,3,6,2.0
rabe,rabiot,rab,e,iot,e,False,,4,6,1.5
rachi,rachianesthésie,rachi,,anesthesie,i,True,,5,15,3.0
racho,rachitique,rach,o,itique,o,False,adj,5,10,2.0
rade,radeau,rade,,au,e,True,,4,6,1.5
radia,radiateur,radia,,teur,a,True,,5,9,1.8
radic,radical,radic,,al,c,False,adj,5,7,1.4
radio,radio-,radi,o,o,o,True,,5,6,1.2
radio,radiogramme,radio,,gramme,o,True,nom,5,11,2.2
radio,radiographie,radio,,grafie,o,True,nom,5,12,2.4
radio,radiologie,radio,,logie,o,True,,5,10,2.0
radio,radiophonie,radio,,fonie,o,True,nom,5,11,2.2
radio,radiotéléphonie,radio,,telefonie,o,True,nom,5,15,3.0
raf,rafaël,raf,,ael,f,False,,3,6,2.0
rag,rag-time,rag,,time,g,False,nom,3,8,2.66
rag,ragtime,rag,,time,g,False,nom,3,7,2.33
rando,randonnée,rando,,nnée,o,True,nom,5,9,1.8
rapido,rapidement,rapid,o,ement,o,False,,6,10,1.66
rapidos,rapidement,rapid,os,ement,s,False,,7,10,1.42
rasta,rastaquouère,rasta,,quouere,a,True,nom,5,12,2.4
rata,ratatouille,rata,,touille,a,True,nom,4,11,2.75
ravito,ravitaillement,ravit,o,aillement,o,False,nom,6,14,2.33
reco,recommandation,reco,,mmandation,o,True,,4,14,3.5
reco,reconnaissance,reco,,nnaissance,o,True,,4,14,3.5
reco,reconnexion,reco,,nnexion,o,True,,4,11,2.75
redif,rediffusion,redif,,usion,f,False,,5,11,2.2
rediff,rediffusion,redif,,usion,f,False,,6,11,1.83
relaxe,relaxant,relax,e,ant,e,False,,6,8,1.33
rende,rendez-vous,rende,,zvous,e,True,,5,11,2.2
rendez,rendez-vous,rendez,,vous,z,False,,6,11,1.83
repro,reproduction,repro,,duction,o,True,nom,5,12,2.4
restau,restaurant,restau,,rant,u,True,nom,6,10,1.66
resto,restaurant,rest,o,aurant,o,False,nom,5,10,2.0
revalo,revalorisation,revalo,,risation,o,True,,6,14,2.33
rhabi,rhabillage,rhabi,,llage,i,True,nom,5,10,2.0
rhino,rhinoceros,rhino,,ceros,o,True,nom,5,10,2.0
rhino,rhinocéros,rhino,,ceros,o,True,nom,5,10,2.0
rhino,rhinopharyngite,rhino,,faryngite,o,True,,5,15,3.0
rhodia,rhodiaceta,rhodia,,ceta,a,True,nom,6,10,1.66
rhodo,rhododendron,rhodo,,dendron,o,True,,5,12,2.4
rhodo,rhodoïd,rhodo,,id,o,True,nom,5,7,1.4
rhumato,rhumatologie,rhumato,,logie,o,True,nom,7,12,1.71
rhumato,rhumatologiste,rhumato,,logiste,o,True,nom,7,14,2.0
rhumato,rhumatologue,rhumato,,logue,o,True,nom,7,12,1.71
rhéto,rhétoricien,rheto,,ricien,o,True,nom,5,11,2.2
rhéto,rhétorique,rheto,,rique,o,True,,5,10,2.0
rift,rift-valley,rift,,valley,t,False,nom,4,11,2.75
rigue,rigueur,rigue,,ur,e,True,,5,7,1.4
rit,ritardando,rit,,ardando,t,False,adv,3,10,3.33
rock,rock'n'roll,rock,,'n'roll,k,False,nom,4,11,2.75
romano,romanichel,roman,o,ichel,o,False,adj,6,10,1.66
rondo,rondement,rond,o,ement,o,False,adv,5,9,1.8
roto,rotative,rot,o,ative,o,False,nom,4,8,2.0
rouille,rouillade,rouill,e,ade,e,False,nom,7,9,1.28
rouille,rouillarde,rouill,e,arde,e,False,,7,10,1.42
rupe,rupin,rup,e,in,e,False,,4,5,1.25
réa,réanimation,rea,,nimation,a,True,nom,3,11,3.66
réac,réactionnaire,reac,,tionnaire,c,False,nom,4,13,3.25
réassort,réassortiment,reassort,,iment,t,False,nom,8,13,1.62
récal,récalcitrant,recal,,citrant,l,False,,5,12,2.4
récap,récapitulatif,recap,,itulatif,p,False,,5,13,2.6
récap,récapitulation,recap,,itulation,p,False,,5,14,2.8
récit,récitation,recit,,ation,t,False,,5,10,2.0
récluse,réclusion,reclus,e,ion,e,False,,7,9,1.28
réco,récollection,reco,,llection,o,True,,4,12,3.0
récré,récréation,recr,é,eation,é,False,nom,5,10,2.0
récup,récupération,recup,,eration,p,False,nom,5,12,2.4
rédac,rédaction,redac,,tion,c,False,nom,5,9,1.8
réduc,réduction,reduc,,tion,c,False,nom,5,9,1.8
réfect,réfectoire,refect,,oire,t,False,,6,10,1.66
réfrac,réfractaire,refrac,,taire,c,False,,6,11,1.83
réglo,réglementaire,regl,o,ementaire,o,False,,5,13,2.6
régul,régulier,regul,,ier,l,False,nom,5,8,1.6
réimper,réimperméabilisation,reimper,,meabilisation,r,False,nom,7,20,2.85
répète,répétition,repet,e,ition,e,False,nom,6,10,1.66
répét,répétiteur,repet,,iteur,t,False,,5,10,2.0
réquise,réquisition,requis,e,ition,e,False,,7,11,1.57
rétro,rétrograde,retro,,grade,o,True,nom,5,10,2.0
rétro,rétrospectif,retro,,spectif,o,True,,5,12,2.4
rétro,rétroviseur,retro,,viseur,o,True,nom,5,11,2.2
réveil,réveille-matin,reveil,,lematin,l,False,nom,6,14,2.33
réverb,réverbération,reverb,,eration,b,False,nom,6,13,2.16
réviso,révisionniste,revis,o,ionniste,o,False,nom,6,13,2.16
sado,sadique,sad,o,ique,o,False,adj,4,7,1.75
sado-maso,sado-masochiste,sadomaso,,chiste,o,True,nom,9,15,1.66
sadomaso,sadomasochiste,sadomaso,,chiste,o,True,nom,8,14,1.75
saint-ex,saint-exupéry,saintex,,upery,x,False,nom propre,8,13,1.62
saint-ger,saint-germain-des-prés,saintger,,maindespres,r,False,nom propre,9,22,2.44
saint-laze,saint-lazare,saintlaz,e,are,e,False,,10,12,1.2
saint-naz',saint-nazaire,saintnaz,e,aire,',False,,10,13,1.3
saint-saph',saint-saphorin,saintsaf,e,orin,',False,,11,14,1.27
saint-trop,saint-tropez,sainttrop,,ez,p,False,nom propre,10,12,1.2
salmis,salmigondis,salmi,s,gondis,s,True,nom,6,11,1.83
samar,samaritaine,samar,,itaine,r,False,,5,11,2.2
sana,sanatorium,sana,,torium,a,True,nom,4,10,2.5
santiag,santiago,santiag,,o,g,False,,7,8,1.14
sape,sapement,sape,,ment,e,True,nom,4,8,2.0
sarko,sarkozy,sarko,,zy,o,True,nom propre,5,7,1.4
sauce,saucisson,sauc,e,isson,e,False,,5,9,1.8
sauci,saucisson,sauci,,sson,i,True,,5,9,1.8
sax,saxophone,sax,,ofone,x,False,nom,3,9,3.0
saxo,saxophone,saxo,,fone,o,True,nom,4,9,2.25
scan,scanner,scan,,ner,n,False,,4,7,1.75
scato,scatologie,scato,,logie,o,True,nom,5,10,2.0
scato,scatologique,scato,,logique,o,True,adj,5,12,2.4
schizo,schizophrène,schizo,,frene,o,True,nom,6,12,2.0
schizo,schizophrénie,schizo,,frenie,o,True,nom,6,13,2.16
scoot,scooter,scoot,,er,t,False,,5,7,1.4
scénar,scénario,scenar,,io,r,False,adv,6,8,1.33
self,self-inductance,self,,inductance,f,False,nom,4,15,3.75
self,self-service,self,,service,f,False,nom,4,12,3.0
sensa,sensationnel,sensa,,tionnel,a,True,,5,12,2.4
sensas,sensationnel,sensa,s,tionnel,s,True,adj,6,12,2.0
sesqui,sesquiétage,sesqui,,etage,i,True,,6,11,1.83
ship,shipchandler,ship,,chandler,p,False,nom,4,12,3.0
siko,sikorsky,siko,,rsky,o,True,,4,8,2.0
situ,situationniste,situ,,ationniste,u,True,adj,4,14,3.5
skate,skate-board,skate,,board,e,True,nom,5,11,2.2
skate,skateboard,skate,,board,e,True,,5,10,2.0
skin,skinhead,skin,,head,n,False,nom,4,8,2.0
slack,slackline,slack,,line,k,False,,5,9,1.8
smok,smoking,smok,,ing,k,False,nom,4,7,1.75
snack,snack-bar,snack,,bar,k,False,,5,9,1.8
snow,snowboard,snow,,board,w,False,,4,9,2.25
soap,soap-opéra,soap,,opera,p,False,nom,4,10,2.5
soce,société,soc,e,ieté,e,False,,4,7,1.75
socialo,socialiste,social,o,iste,o,False,nom,7,10,1.42
socio,sociologie,socio,,logie,o,True,nom,5,10,2.0
sodo,sodomie,sodo,,mie,o,True,nom,4,7,1.75
soft,software,soft,,ware,t,False,,4,8,2.0
sono,sonorisation,sono,,risation,o,True,nom,4,12,3.0
sordo,sordide,sord,o,ide,o,False,,5,7,1.4
sous-ex,sous-exposer,sousex,,poser,x,False,nom,7,12,1.71
sous-in,sous-intendance,sousin,,tendance,n,False,,7,15,2.14
sous-off,sous-officier,sousof,,icier,f,False,nom,8,13,1.62
sous-off',sous-officier,sousof,e,icier,',False,,9,13,1.44
sous-prolo,sous-prolétaire,sousprol,o,etaire,o,False,nom,10,15,1.5
spi,spinnaker,spi,,nnaker,i,True,nom,3,9,3.0
spiegel,spiegeleisen,spiegel,,eisen,l,False,,7,12,1.71
spit,spitfire,spit,,fire,t,False,,4,8,2.0
spécialo,spécialiste,special,o,iste,o,False,,8,11,1.37
spéléo,spéléologie,speleo,,logie,o,True,nom,6,11,1.83
spéléo,spéléologique,speleo,,logique,o,True,adj,6,13,2.16
spéléo,spéléologue,speleo,,logue,o,True,nom,6,11,1.83
st,stère,st,,ere,t,False,nom,2,5,2.5
stabilo,stabilisateur,stabil,o,isateur,o,False,,7,13,1.85
stage,stage-coach,stage,,coach,e,True,nom,5,11,2.2
stal,stalinien,stal,,inien,l,False,adj,4,9,2.25
staphylo,staphylocoque,stafylo,,coque,o,True,nom,8,13,1.62
stat,statistic,stat,,istic,t,False,,4,9,2.25
stat,statistique,stat,,istique,t,False,nom,4,11,2.75
stats,statistiques,stat,s,istiques,s,False,nom,5,12,2.4
steph,stéphane,stef,,ane,h,False,nom propre,5,8,1.6
stigmo,stigmomètre,stigmo,,metre,o,True,,6,11,1.83
stomato,stomatologue,stomato,,logue,o,True,nom,7,12,1.71
stra,stration,stra,,tion,a,True,,4,8,2.0
stras,strasbourg,stras,,bourg,s,False,nom propre,5,10,2.0
strepto,streptomycine,strepto,,mycine,o,True,,7,13,1.85
string,stringendo,string,,endo,g,False,,6,10,1.66
strip,strip-tease,strip,,tease,p,False,nom,5,11,2.2
strip,striptease,strip,,tease,p,False,nom,5,10,2.0
stude,studebaker,stude,,baker,e,True,,5,10,2.0
stup,stupéfiant,stup,,efiant,p,False,adj,4,10,2.5
stups,stupéfiants,stup,s,efiants,s,False,adj,5,11,2.2
stylo,stylographe,stylo,,grafe,o,True,nom,5,11,2.2
sténo,sténographe,steno,,grafe,o,True,nom,5,11,2.2
sténo,sténographie,steno,,grafie,o,True,nom,5,12,2.4
sténodactylo,sténodactylographe,stenodactylo,,grafe,o,True,,12,18,1.5
stéréo,stéréophonie,stereo,,fonie,o,True,nom,6,12,2.0
stéréo,stéréophonique,stereo,,fonique,o,True,adj,6,14,2.33
stéréo,stéréotype,stereo,,type,o,True,nom,6,10,1.66
subito,subitement,subit,o,ement,o,False,,6,10,1.66
subro,subrogation,subro,,gation,o,True,,5,11,2.2
sup,supplémentaire,sup,,plementaire,p,False,adj,3,14,4.66
sup,supérieur,sup,,erieur,p,False,adj,3,9,3.0
super,supercarburant,super,,carburant,r,False,nom,5,14,2.8
suppo,suppositoire,suppo,,sitoire,o,True,nom,5,12,2.4
surex,surexposer,surex,,poser,x,False,verbe,5,10,2.0
surex,surexposé,surex,,posé,x,False,adj,5,9,1.8
surf,surf-casting,surf,,casting,f,False,nom,4,12,3.0
surnu,surnuméraire,surnu,,meraire,u,True,,5,12,2.4
survêt,survêtement,survet,,ement,t,False,nom,6,11,1.83
sweat,sweat-shirt,sweat,,shirt,t,False,nom,5,11,2.2
sweat,sweatshirt,sweat,,shirt,t,False,nom,5,10,2.0
sympa,sympathique,sympa,,thique,a,True,adj,5,11,2.2
synchro,synchronisation,synchro,,nisation,o,True,nom,7,15,2.14
synchro,synchroniseur,synchro,,niseur,o,True,nom,7,13,1.85
synchro,synchronisé,synchro,,nisé,o,True,,7,11,1.57
syntagme,syntagmes,syntagme,,s,e,True,nom,8,9,1.12
synthé,synthétique,synth,é,etique,é,False,adj,6,11,1.83
synthé,synthétiseur,synth,é,etiseur,é,False,nom,6,12,2.0
syphilo,syphilis,syfil,o,is,o,False,nom,7,8,1.14
séba,sébastien,seba,,stien,a,True,nom propre,4,9,2.25
sébasto,sébastopol,sebasto,,pol,o,True,,7,10,1.42
sécu,sécurité,secu,,rité,u,True,adj,4,8,2.0
ségo,ségolène,sego,,lene,o,True,nom propre,4,8,2.0
séropo,séropositif,seropo,,sitif,o,True,adj,6,11,1.83
tala,talapoin,tala,,poin,a,True,nom,4,8,2.0
talkie,talkie-walkie,talkie,,walkie,e,True,,6,13,2.16
tana,tananarive,tana,,narive,a,True,,4,10,2.5
tarmac,tarmacadam,tarmac,,adam,c,False,nom,6,10,1.66
tax,taxi,tax,,i,x,False,,3,4,1.33
taxi,taximètre,taxi,,metre,i,True,nom,4,9,2.25
taxo,taximètre,tax,o,imetre,o,False,,4,9,2.25
tcherno,tchernobyl,tcherno,,byl,o,True,,7,10,1.42
tech,technologie,tech,,nologie,h,False,nom,4,11,2.75
techno,technique,techn,o,ique,o,False,,6,9,1.5
techno,technologique,techno,,logique,o,True,adj,6,13,2.16
teddy,teddy-bear,teddy,,bear,y,True,nom,5,10,2.0
tekos,teknival,tek,os,nival,s,False,,5,8,1.6
tempo,temporisation,tempo,,risation,o,True,nom,5,13,2.6
tempé,température,temp,é,erature,é,False,,5,11,2.2
ten,tenuto,ten,,uto,n,False,adv,3,6,2.0
terri,territorial,terri,,torial,i,True,,5,11,2.2
terro,terroriste,terro,,riste,o,True,,5,10,2.0
tetra,tetragonopterus,tetra,,gonopterus,a,True,nom,5,15,3.0
tex,textile,tex,,tile,x,False,nom,3,7,2.33
texto,textuellement,text,o,uellement,o,False,,5,13,2.6
th,thermie,th,,ermie,h,False,nom,2,7,3.5
thalasso,thalassothérapie,thalasso,,therapie,o,True,nom,8,16,2.0
thanato,thanatopraxiste,thanato,,praxiste,o,True,,7,15,2.14
thermo,thermomètre,thermo,,metre,o,True,,6,11,1.83
thoraco,thoracoplastie,thoraco,,plastie,o,True,nom,7,14,2.0
théo,théodore,theo,,dore,o,True,nom propre,4,8,2.0
théo,théophile,theo,,file,o,True,nom,4,9,2.25
tom,tom-tom,tom,,tom,m,False,,3,7,2.33
tom,tomato,tom,,ato,m,False,,3,6,2.0
tomo,tomographie,tomo,,grafie,o,True,nom,4,11,2.75
top,top-model,top,,model,p,False,adj,3,9,3.0
topi,topinambour,topi,,nambour,i,True,,4,11,2.75
topo,topographie,topo,,grafie,o,True,nom,4,11,2.75
topo,topol,topo,,l,o,True,,4,5,1.25
tox,toxicomane,tox,,icomane,x,False,,3,10,3.33
toxico,toxicomane,toxico,,mane,o,True,nom,6,10,1.66
tract,tractate,tract,,ate,t,False,nom,5,8,1.6
tradi,traditionnel,tradi,,tionnel,i,True,,5,12,2.4
traduc,traduction,traduc,,tion,c,False,,6,10,1.66
tram,tramway,tram,,way,m,False,nom,4,7,1.75
trans,transsexuel,trans,,sexuel,s,False,adj,5,11,2.2
transat,transatlantique,transat,,lantique,t,False,adj,7,15,2.14
transfo,transformateur,transfo,,rmateur,o,True,nom,7,14,2.0
traumato,traumatologie,traumato,,logie,o,True,nom,8,13,1.62
trav,travelo,trav,,elo,v,False,nom,4,7,1.75
trav,travesti,trav,,esti,v,False,,4,8,2.0
trench,trench-coat,trench,,coat,h,False,nom,6,11,1.83
trichlo,trichloréthylène,trichlo,,rethylene,o,True,nom,7,16,2.28
trichlo,trichlorétylène,trichlo,,retylene,o,True,nom,7,15,2.14
trigo,trigonométrie,trigo,,nometrie,o,True,nom,5,13,2.6
troca,trocadero,troca,,dero,a,True,nom propre,5,9,1.8
troque,troquet,troque,,t,e,True,,6,7,1.16
turbo,turbocompresseur,turbo,,compresseur,o,True,nom,5,16,3.2
typho,typhique,tyf,o,ique,o,False,,5,8,1.6
typo,typographe,typo,,grafe,o,True,nom,4,10,2.5
typo,typographie,typo,,grafie,o,True,nom,4,11,2.75
télé,téléphoniste,tel,é,efoniste,é,False,,4,12,3.0
télé,télévision,tel,é,evision,é,False,nom,4,10,2.5
télécoms,télécommunications,telecom,s,munications,s,False,nom,8,18,2.25
téra,téraoctet,tera,,octet,a,True,nom,4,9,2.25
tétra,tétragonoptérinés,tetra,,gonopterines,a,True,nom,5,17,3.4
uku,ukulélé,uku,,lelé,u,True,,3,7,2.33
uni,university,uni,,versity,i,True,,3,10,3.33
uni,université,uni,,versité,i,True,adj,3,10,3.33
unif,uniforme,unif,,orme,f,False,,4,8,2.0
uro,urolagnie,uro,,lagnie,o,True,nom,3,9,3.0
uro,urophile,uro,,file,o,True,,3,8,2.66
vago,vaguemestre,vag,o,uemestre,o,False,,4,11,2.75
vague,vaguenaude,vague,,naude,e,True,nom,5,10,2.0
valo,valorisation,valo,,risation,o,True,,4,12,3.0
valpo,valpolicella,valpo,,licella,o,True,nom,5,12,2.4
vamp,vampire,vamp,,ire,p,False,nom,4,7,1.75
vanity,vanity-case,vanity,,case,y,True,nom,6,11,1.83
vape,vapeur,vape,,ur,e,True,nom,4,6,1.5
vapo,vaporisateur,vapo,,risateur,o,True,nom,4,12,3.0
ventilo,ventilateur,ventil,o,ateur,o,False,nom,7,11,1.57
vers,version,vers,,ion,s,False,,4,7,1.75
vibro,vibromasseur,vibro,,masseur,o,True,nom,5,12,2.4
vidéo,vidéofréquence,video,,frequence,o,True,nom,5,14,2.8
vidéo,vidéogramme,video,,gramme,o,True,,5,11,2.2
vidéo,vidéophonie,video,,fonie,o,True,,5,11,2.2
viet,vietnamien,viet,,namien,t,False,adj,4,10,2.5
vince,vincent,vince,,nt,e,True,nom propre,5,7,1.4
visu,visualisation,visu,,alisation,u,True,nom,4,13,3.25
visu,visuel,visu,,el,u,True,adj,4,6,1.5
voite,voiture,voit,e,ure,e,False,,5,7,1.4
volley,volley-ball,volley,,ball,y,True,nom,6,11,1.83
végé,végétal,veg,é,etal,é,False,,4,7,1.75
végé,végétarien,veg,é,etarien,é,False,,4,10,2.5
vélo,véloce,velo,,ce,o,True,,4,6,1.5
vélo,vélocipède,velo,,cipede,o,True,nom,4,10,2.5
véloce,vélocipède,veloc,e,ipede,e,False,nom,6,10,1.66
vérif,vérification,verif,,ication,f,False,,5,12,2.4
vérif,vérifieur,verif,,ieur,f,False,nom,5,9,1.8
véto,vétérinaire,vet,o,erinaire,o,False,adj,4,11,2.75
vété,vétérinaire,vet,é,erinaire,é,False,,4,11,2.75
walt,walter,walt,,er,t,False,,4,6,1.5
water,water-closet,water,,closet,r,False,nom,5,12,2.4
waters,water-closet,water,s,closet,s,False,nom,6,12,2.0
webdocu,webdocumentaire,webdocu,,mentaire,u,True,,7,15,2.14
whisky,whiskyboe,whisky,,boe,y,True,nom,6,9,1.5
xav,xavier,xav,,ier,v,False,,3,6,2.0
xylo,xylocaïne,xylo,,caine,o,True,,4,9,2.25
xylo,xylophone,xylo,,fone,o,True,nom,4,9,2.25
xéro,xérographie,xero,,grafie,o,True,nom,4,11,2.75
yougo,yougoslave,yougo,,slave,o,True,,5,10,2.0
youv,youvoi,youv,,oi,v,False,,4,6,1.5
zanzi,zanzibar,zanzi,,bar,i,True,nom,5,8,1.6
zef,zéphyr,zef,,yr,f,False,,3,6,2.0
zepp,zeppelin,zepp,,elin,p,False,,4,8,2.0
zoo,zoologie,zoo,,logie,o,True,,3,8,2.66
zoo,zoologique,zoo,,logique,o,True,adj,3,10,3.33
écho,échographie,echo,,grafie,o,True,nom,4,11,2.75
éco,econome,eco,,nome,o,True,,3,7,2.33
éco,économie,eco,,nomie,o,True,nom,3,8,2.66
écolo,écologique,ecolo,,gique,o,True,adj,5,10,2.0
écolo,écologiste,ecolo,,giste,o,True,nom,5,10,2.0
édito,editorial,edito,,rial,o,True,,5,9,1.8
édito,éditorial,edito,,rial,o,True,nom,5,9,1.8
éjac,éjaculation,ejac,,ulation,c,False,nom,4,11,2.75
électro,électrocardiographe,electro,,cardiografe,o,True,nom,7,19,2.71
électro,électronicien,electro,,nicien,o,True,,7,13,1.85
électro,électronique,electro,,nique,o,True,adj,7,12,1.71
électro,électrophone,electro,,fone,o,True,nom,7,12,1.71
élem,élémentaire,elem,,entaire,m,False,adj,4,11,2.75
émoss,émotion,emo,ss,tion,s,True,,5,7,1.4
épilo,epileptique,epil,o,eptique,o,False,,5,11,2.2
épilo,épileptique,epil,o,eptique,o,False,adj,5,11,2.2
époil,époilant,epoil,,ant,l,False,,5,8,1.6
état-maj,etat-major,etatmaj,,or,j,False,,8,10,1.25
